# **数据类型**

# 	**字符型**

## 		定长 ： char （字符个数）

#### 						最大存储字符个数255      （a   b  c）

## 		变长：varchar（字符个数）

#### 						最大存储  65535

#### 						按数据实际大小分配存储空间

#### 						字符个数超出时，无法写入数据（指定个数时）

## 		大文本类型    text/blob   (数据大于 65535)

## 例

```shell
mysql> create table bb(
    -> name char(5),
    -> email varchar(30)
    -> )default charset=utf8;
Query OK, 0 rows affected (0.01 sec)

mysql> desc b;
ERROR 1146 (42S02): Table 'a1.b' doesn't exist
mysql> desc bb;
+-------+-------------+------+-----+---------+-------+
| Field | Type        | Null | Key | Default | Extra |
+-------+-------------+------+-----+---------+-------+
| name  | char(5)     | YES  |     | NULL    |       |
| email | varchar(30) | YES  |     | NULL    |       |
+-------+-------------+------+-----+---------+-------+
2 rows in set (0.01 sec)

mysql> insert into bb values("bob","www.com");
Query OK, 1 row affected (0.00 sec)

mysql> select *from bb;
+------+---------+
| name | email   |
+------+---------+
| bob  | www.com |
+------+---------+
1 row in set (0.00 sec)
```









# **数值类型**

## 整型

|   类型    |        名称        | 有符号范围（负数） | 无符号范围（整数） |
| :-------: | :----------------: | :----------------: | :----------------: |
|  tinyint  |      微小整数      |      -128~127      |       0~255        |
| smallint  |       小整数       |    -32768~32767    |      0~65535       |
| mediumint |       中整数       |                    |                    |
|    int    |       大整型       |                    |                    |
|  bigint   |      极大整型      |                    |                    |
| unsigned  | 使用无符号存储范围 |                    |                    |





## 浮点型

|  类型  |  名称  | 有符号  \|   无符号  |
| :----: | :----: | :------------------: |
| float  | 单精度 | 0~ 2   的 32次方  -1 |
| double | 双精度 | 0 ~2   的 64次方  -1 |



## 时间函数



|    类型     |          用途          |
| :---------: | :--------------------: |
| curtime（） |    获取当前系统时间    |
|  curdate()  |    获取当前系统日期    |
|   now ()    | 获取当前系统日期和时间 |
|   year()    |         获取年         |
|  month(）   |         获取月         |
|    day()    |         获取日         |
|  date（）   |        获取日期        |
|  time（）   |        获取时间        |



## 用法

```shell
mysql> select curtime();                     //时间
+-----------+
| curtime() |
+-----------+
| 22:03:25  |
+-----------+
1 row in set (0.07 sec)

mysql> select curdate();                  //日期
+------------+
| curdate()  |
+------------+
| 2021-07-10 |
+------------+
1 row in set (0.00 sec)
 
mysql> select now();                        //日期和时间
+---------------------+
| now()               |
+---------------------+
| 2021-07-10 22:04:52 |
+---------------------+
1 row in set (0.00 sec)
```

```shell
mysql> select year( now() );
+---------------+
| year( now() ) |
+---------------+
|          2021 |
+---------------+
1 row in set (0.00 sec)
```



## 例题

```shell
mysql> create database a2;
Query OK, 1 row affected (0.02 sec)

mysql> show databases; 
+--------------------+
| Database           |
+--------------------+
| information_schema |
| a1                 |
| a2                 |
| mysql              |
| performance_schema |
| sys                |
+--------------------+
6 rows in set (0.00 sec)

mysql> use a2;
Database changed

mysql> select database();
+------------+
| database() |
+------------+
| a2         |
+------------+
1 row in set (0.00 sec)

mysql> create table aa;
ERROR 1113 (42000): A table must have at least 1 column
mysql> create table aa(
    -> 时间 int(20),
    -> 月份 int(20),
    -> 地点 char(30),
    -> name char(20)
    -> )default charset=utf8;
Query OK, 0 rows affected (0.08 sec)
 
mysql> desc aa;
+--------+----------+------+-----+---------+-------+
| Field  | Type     | Null | Key | Default | Extra |
+--------+----------+------+-----+---------+-------+
| 时间   | int(20)  | YES  |     | NULL    |       |
| 月份   | int(20)  | YES  |     | NULL    |       |
| 地点   | char(30) | YES  |     | NULL    |       |
| name   | char(20) | YES  |     | NULL    |       |
+--------+----------+------+-----+---------+-------+
4 rows in set (0.01 sec)

mysql> insert into aa values(time(now()),month(now()),"重庆","Tom");
Query OK, 1 row affected (0.01 sec)

mysql> select *from aa;
+--------+--------+--------+------+
| 时间   | 月份   | 地点   | name |
+--------+--------+--------+------+
| 222155 |      7 | 重庆   | Tom  |
+--------+--------+--------+------+
1 row in set (0.01 sec)
```





```shell
mysql> create table bb( 
时间 time, 
月份 year, 
地点 char(30), 
name char(20) 
)default charset=utf8;  
Query OK, 0 rows affected (0.03 sec)

mysql> desc bb;
+--------+----------+------+-----+---------+-------+
| Field  | Type     | Null | Key | Default | Extra |
+--------+----------+------+-----+---------+-------+
| 时间   | time     | YES  |     | NULL    |       |
| 月份   | year(4)  | YES  |     | NULL    |       |
| 地点   | char(30) | YES  |     | NULL    |       |
| name   | char(20) | YES  |     | NULL    |       |
+--------+----------+------+-----+---------+-------+
4 rows in set (0.03 sec)

mysql> insert into bb values(time(now()),year(now()),"重庆","Tom");
Query OK, 1 row affected (0.01 sec)

mysql> select *from bb;
+----------+--------+--------+------+
| 时间     | 月份   | 地点   | name |
+----------+--------+--------+------+
| 22:36:47 |   2021 | 重庆   | Tom  |
+----------+--------+--------+------+
1 row in set (0.00 sec)
```





## 枚举型   （ 字段值 从  只能在列举的范围里选择 ）

enum    单选

set        多选

```shell
mysql>    create  table  a1  aa(
name   char(20),
sex      enum("boy","girl","no")             //单选
likes    set("eat","game","music")           //多选
);

```



## 单选

```shell
mysql> desc mysql.db;  
+-----------------------+---------------+------+-----+---------+-------+
| Field                 | Type          | Null | Key | Default | Extra |
+-----------------------+---------------+------+-----+---------+-------+
| Host                  | char(60)      | NO   | PRI |         |       |
| Db                    | char(64)      | NO   | PRI |         |       |
| User                  | char(32)      | NO   | PRI |         |       |
| Select_priv           | enum('N','Y') | NO   |     | N       |       |
| Insert_priv           | enum('N','Y') | NO   |     | N       |       |
| Update_priv           | enum('N','Y') | NO   |     | N       |       |
| Delete_priv           | enum('N','Y') | NO   |     | N       |       |
| Create_priv           | enum('N','Y') | NO   |     | N       |       |
| Drop_priv             | enum('N','Y') | NO   |     | N       |       |
| Grant_priv            | enum('N','Y') | NO   |     | N       |       |
| References_priv       | enum('N','Y') | NO   |     | N       |       |
| Index_priv            | enum('N','Y') | NO   |     | N       |       |
| Alter_priv            | enum('N','Y') | NO   |     | N       |       |
| Create_tmp_table_priv | enum('N','Y') | NO   |     | N       |       |
| Lock_tables_priv      | enum('N','Y') | NO   |     | N       |       |
| Create_view_priv      | enum('N','Y') | NO   |     | N       |       |
| Show_view_priv        | enum('N','Y') | NO   |     | N       |       |
| Create_routine_priv   | enum('N','Y') | NO   |     | N       |       |
| Alter_routine_priv    | enum('N','Y') | NO   |     | N       |       |
| Execute_priv          | enum('N','Y') | NO   |     | N       |       |
| Event_priv            | enum('N','Y') | NO   |     | N       |       |
| Trigger_priv          | enum('N','Y') | NO   |     | N       |       |
+-----------------------+---------------+------+-----+---------+-------+
22 rows in set (0.01 sec)
```



## 多选

```shell
mysql> desc mysql.tables_priv;
+-------------+-----------------------------------------------------------------------------------------------------------------------------------+------+-----+-------------------+-----------------------------+
| Field       | Type                                                                                                                              | Null | Key | Default           | Extra                       |
+-------------+-----------------------------------------------------------------------------------------------------------------------------------+------+-----+-------------------+-----------------------------+
| Host        | char(60)                                                                                                                          | NO   | PRI |                   |                             |
| Db          | char(64)                                                                                                                          | NO   | PRI |                   |                             |
| User        | char(32)                                                                                                                          | NO   | PRI |                   |                             |
| Table_name  | char(64)                                                                                                                          | NO   | PRI |                   |                             |
| Grantor     | char(93)                                                                                                                          | NO   | MUL |                   |                             |
| Timestamp   | timestamp                                                                                                                         | NO   |     | CURRENT_TIMESTAMP | on update CURRENT_TIMESTAMP |
| Table_priv  | set('Select','Insert','Update','Delete','Create','Drop','Grant','References','Index','Alter','Create View','Show view','Trigger') | NO   |     |                   |                             |
| Column_priv | set('Select','Insert','Update','References')                                                                                      | NO   |     |                   |                             |
+-------------+-----------------------------------------------------------------------------------------------------------------------------------+------+-----+-------------------+-----------------------------+
8 rows in set (0.02 sec)
```

