# **约束条件**

## 	作用：限制如何给字段赋值

```shell
mysql> desc aa;'
+--------+----------+------+-----+---------+-------+
| Field  | Type     | Null | Key | Default | Extra |
+--------+----------+------+-----+---------+-------+
| 时间   | int(20)  | YES  |     | NULL    |       |
| 地点   | char(20) | YES  |     | NULL    |       |
| name   | char(20) | YES  |     | NULL    |       |
+--------+----------+------+-----+---------+-------+
3 rows in set (0.00 sec)

```



# **NULL     是否允许为空  NULL **   

## 		默认允许  null      

## 		不允许为空   not  null  

```shell
mysql> desc bb;
+--------+----------+------+-----+---------+-------+
| Field  | Type     | Null | Key | Default | Extra |
+--------+----------+------+-----+---------+-------+
| 时间   | int(20)  | YES  |     | NULL    |       |
| 地点   | char(20) | YES  |     | NULL    |       |
+--------+----------+------+-----+---------+-------+
2 rows in set (0.00 sec)

mysql> alter table bb add name char(20) not null;
Query OK, 0 rows affected (0.01 sec)
Records: 0  Duplicates: 0  Warnings: 0

mysql> desc bb;
+--------+----------+------+-----+---------+-------+
| Field  | Type     | Null | Key | Default | Extra |
+--------+----------+------+-----+---------+-------+
| 时间   | int(20)  | YES  |     | NULL    |       |
| 地点   | char(20) | YES  |     | NULL    |       |
| name   | char(20) | NO   |     | NULL    |       |
+--------+----------+------+-----+---------+-------+
3 rows in set (0.00 sec)
```



## 		不定义时没有键值

```shell
mysql> insert into aa values(null, null,null);       //赋空值
Query OK, 1 row affected (0.00 sec)

mysql> select *from aa;
+--------+--------+------+
| 时间   | 地点   | name |
+--------+--------+------+
|   NULL | NULL   | NULL |
+--------+--------+------+
1 row in set (0.00 sec)mysql> desc aa;
```



# **key  	 键值类型** 

## 		普通索引 		index             

## 		唯一索引 		unique   

## 		主		键		   primary  key   

## 		外		键  		foreign  key

## 		全文索引           fulltext

# **Default   默认值**

## 		不给字段赋值使用默认 值赋值

## 		默认不定义时         是     null

## 		定义      Default    值    （要与字段类型匹配 ）

```shell
mysql> select *from bb;
+--------+--------+------+
| 时间   | 地点   | name |
+--------+--------+------+
|  30100 | 重庆   | tom  |
+--------+--------+------+
1 row in set (0.00 sec)

mysql> insert into bb(时间,name) values(time(now()),"jikc");    // 指定赋值 
Query OK, 1 row affected (0.00 sec)

mysql> select *from bb;
+--------+--------+------+
| 时间   | 地点   | name |
+--------+--------+------+
|  30100 | 重庆   | tom  |
|  30543 | NULL   | jikc |
+--------+--------+------+
2 rows in set (0.00 sec)
```



# **Extra     额外设置**     

## 		默认都没有3额外设置



## 例题

```shell
mysql> alter table aa add likes char(20) not null default "eat,set" first;                       

Query OK, 0 rows affected (0.07 sec)
Records: 0  Duplicates: 0  Warnings: 0

mysql> desc aa;
+--------+----------+------+-----+---------+-------+
| Field  | Type     | Null | Key | Default | Extra |
+--------+----------+------+-----+---------+-------+
| likes  | char(20) | NO   |     | eat,set |       |
| name   | char(30) | YES  |     | NULL    |       |
| 时间   | int(20)  | YES  |     | NULL    |       |
| 地点   | char(30) | YES  |     | NULL    |       |
+--------+----------+------+-----+---------+-------+
4 rows in set (0.00 sec)

mysql> select *from aa;
+---------+------+--------+--------+
| likes   | name | 时间   | 地点   |
+---------+------+--------+--------+
| eat,set | Tom  |      9 | 重庆   |         （默认值）
+---------+------+--------+--------+
1 row in set (0.00 sec)
```

