# **1. 添加记录   insert     into < 新添加的记录追加在记录末尾>**

#### 				1.添加1条记录给所有列赋值

```shell
insert  into  表名  values   (字段值列表) ；


mysql> insert into aa values(time(now()),"重庆",year(now()),"jick");
```

#### 				2. 添加多条记录给所有列赋值

```shell
insert  into  表名  values   (字段值列表)， (字段值列表) ，(字段值列表) ，(字段值列表)， (字段值列表) ；


mysql> insert into aa values(time(now()),"重庆",year(now()),"jick"),(time(now()),"重庆",year(now()),"jick"),(time(now()),"重庆",year(now()),"jick"),(time(now()),"重庆",year(now()),"jick"),(time(now()),"重庆",year(now()),"jick");
```

#### 				3.添加1条记录给指定的列赋值

```shell
insert  into   表名(字段名列表) values（字段值列表）；

mysql> insert into bb(name) values("tom");
```

#### 				4. 添加多条记录给指定的列赋值

```shell
insert  into   表名(字段名列表，字段名列表) values（字段值列表，字段值列表）；

mysql> insert into bb(name,时间) values("jick",time(now()));
```

# **2.查询记录	select**

#### 				1.查看所有列  	

```shell
select *from 库. 表名;
```

#### 				2.查看单独某一列

```shel
select  字段名列表  from  表名  where  条件

mysql> select 时间 from aa where id=2;
+----------+
| 时间     |
+----------+
| 21:25:06 |
+----------+
```

# **3. 更新记录	update	修改记录表字段的值**

#### 				1，批量更新 

#### update	库. 表	set	字段名=值， 字段名=值 	；

```shell
mysql> update aa set 时间=12;
Query OK, 7 rows affected (0.01 sec)
Rows matched: 7  Changed: 7  Warnings: 0

mysql> select *from aa;
+----+----------+--------+--------+------+
| id | 时间     | 地点   | 年份   | name |
+----+----------+--------+--------+------+
|  1 | 00:00:12 | 重庆   |   2021 | tom  |
|  2 | 00:00:12 | 重庆   |   2021 | jick |
|  3 | 00:00:12 | 重庆   |   2021 | jick |
|  4 | 00:00:12 | 重庆   |   2021 | jick |
|  5 | 00:00:12 | 重庆   |   2021 | jick |
|  6 | 00:00:12 | 重庆   |   2021 | jick |
|  7 | 00:00:12 | 重庆   |   2021 | jick |
+----+----------+--------+--------+------+
```

#### 				2，条件匹配更新

#### update	库.表  	set 	字段名=值	字段名=值        where 	条件；

```shell
mysql> update aa set 时间=14 where id=1;
Query OK, 1 row affected (0.01 sec)
Rows matched: 1  Changed: 1  Warnings: 0

mysql> select *from aa;
+----+----------+--------+--------+------+
| id | 时间     | 地点   | 年份   | name |
+----+----------+--------+--------+------+
|  1 | 00:00:14 | 重庆   |   2021 | tom  |
|  2 | 00:00:12 | 重庆   |   2021 | jick |
|  3 | 00:00:12 | 重庆   |   2021 | jick |
|  4 | 00:00:12 | 重庆   |   2021 | jick |
|  5 | 00:00:12 | 重庆   |   2021 | jick |
|  6 | 00:00:12 | 重庆   |   2021 | jick |
|  7 | 00:00:12 | 重庆   |   2021 | jick |
+----+----------+--------+--------+------+
7 rows in set (0.00 sec)
```

# **4. 删除记录	delete**

## 			delete 	from	 库. 表	[ where     条件  ] 

```shell
mysql> delete from aa where id=1;
Query OK, 1 row affected (0.00 sec)

mysql> select *from aa;
+----+----------+--------+--------+------+
| id | 时间     | 地点   | 年份   | name |
+----+----------+--------+--------+------+
|  2 | 00:00:12 | 重庆   |   2021 | jick |
|  3 | 00:00:12 | 重庆   |   2021 | jick |
|  4 | 00:00:12 | 重庆   |   2021 | jick |
|  5 | 00:00:12 | 重庆   |   2021 | jick |
|  6 | 00:00:12 | 重庆   |   2021 | jick |
|  7 | 00:00:12 | 重庆   |   2021 | jick |
+----+----------+--------+--------+------+
6 rows in set (0.00 sec)
```



