# **数据库基本管理**

## 	连接方式：

#### 			1.命令行

#### 			2.web  页面

#### 			3.编写脚本   （ php   Java   python ......）

#### 			4.安装图形软件

## 命令：

​		show  databases                  //显示已有库

​		select  user（）                   // 显示连接用户

​		use     库名                          //切换库

​		select   database（）          //  显示当前所在库

​		create   database   库名     // 创建新库

​		show    tables                     // 显示已有表

​		drop   database     库名       //  删除库

​		delete 	from	库名.表名      // 只删表内容

## 获取当前所在库    select        database( )

```shell
mysql> select database();
+------------+
| database() |
+------------+
| NULL       |                //空
+------------+
1 row in set (0.00 sec)

[root@host50 ~]# mysql -u root -p mysql

mysql> select database();
+------------+
| database() |
+------------+
| mysql      |
+------------+
1 row in set (0.00 sec)
```

## 数据存储流程

#### 		1.连接数据库服务   

#### 		2.建库                                              // 类似   文件夹

#### 		3.建表  											// 类似   文件

#### 		4.插入记录     							  // 类似   文件内容

#### 		5.断开连接

## 建库

```shell
mysql> create database a1;
Query OK, 1 row affected (0.00 sec)

mysql> show databases;
+--------------------+
| Database           |
+--------------------+
| information_schema |
| a1                 |
| a2                 |
| mysql              |
| performance_schema |
| sys                |
+--------------------+
6 rows in set (0.00 sec)
```

## 删库

```shell
mysql> drop database a2;
Query OK, 0 rows affected (0.00 sec)

mysql> show databases;
+--------------------+
| Database           |
+--------------------+
| information_schema |
| a1                 |
| mysql              |
| performance_schema |
| sys                |
+--------------------+
5 rows in set (0.00 sec)
```

 

## 建表   tables

```shell
mysql> create table db1.nsd(
    -> name char(15),
    -> homeaddr char(20)
    -> );
Query OK, 0 rows affected (0.01 sec)

```



## 格式；

​		>   create  table  库名.表名（

​			字段名1      类型（宽度），

​			字段名2  	类型（宽度），

​		）； DEFAULT    CHARSET=utf8;     //  指定中文字符集，可以给字段赋值中文



## show  create  table    表名；        显示建表的命令

```shell
mysql> show create table aa;
+-------+--------------------------------------------------------------------------------------------------------------------------------------------------------------------------------------------------------------------------------------+
| Table | Create Table                                                                                                                                                                                                                         |
+-------+--------------------------------------------------------------------------------------------------------------------------------------------------------------------------------------------------------------------------------------+
| aa    | CREATE TABLE `aa` (
  `学号` int(15) DEFAULT NULL,
  `姓名` char(15) DEFAULT NULL,
  `性别` char(15) DEFAULT NULL,
  `手机号` int(15) DEFAULT NULL,
  `地址` char(20) DEFAULT NULL
) ENGINE=InnoDB DEFAULT CHARSET=latin1            |
+-------+--------------------------------------------------------------------------------------------------------------------------------------------------------------------------------------------------------------------------------------+
1 row in set (0.01 sec)
```

```shell
mysql> create table dd1.nn(
    -> 学号 int(15),
    -> 姓名 char(20),
    -> 性别 char(20),
    -> 手机号 int(20),
    -> 地址 char(15)
    -> )default charset=utf8;
   
Query OK, 0 rows affected (0.01 sec)
```

## 例

```shell
mysql> insert into dd1.nn values("201","张三","男","13064536","CN"),("203","李四","女","134234","US"),("202","王五","男","12322","JP");
Query OK, 3 rows affected (0.00 sec)
Records: 3  Duplicates: 0  Warnings: 0

mysql> desc nn;
+-----------+----------+------+-----+---------+-------+
| Field     | Type     | Null | Key | Default | Extra |
+-----------+----------+------+-----+---------+-------+
| 学号      | int(15)  | YES  |     | NULL    |       |
| 姓名      | char(20) | YES  |     | NULL    |       |
| 性别      | char(20) | YES  |     | NULL    |       |
| 手机号    | int(20)  | YES  |     | NULL    |       |
| 地址      | char(15) | YES  |     | NULL    |       |
+-----------+----------+------+-----+---------+-------+
5 rows in set (0.00 sec)

mysql> select *from nn;
+--------+--------+--------+-----------+--------+
| 学号   | 姓名   | 性别   | 手机号    | 地址   |
+--------+--------+--------+-----------+--------+
|    201 | 张三   | 男     |  13064536 | CN     |
|    203 | 李四   | 女     |    134234 | US     |
|    202 | 王五   | 男     |     12322 | JP     |
+--------+--------+--------+-----------+--------+
```





## 查看

```shell
mysql> use db1
Reading table information for completion of table and column names
You can turn off this feature to get a quicker startup with -A

mysql> select database();
+------------+
| database() |
+------------+
| db1        |
+------------+
1 row in set (0.00 sec)

mysql> show tables;             
+---------------+
| Tables_in_db1 |
+---------------+
| nsd           |
+---------------+
1 row in set (0.00 sec)
```

## 查看表结构  desc

```shell
mysql> desc db1.nsd;
+----------+----------+------+-----+---------+-------+
| Field    | Type     | Null | Key | Default | Extra |
+----------+----------+------+-----+---------+-------+
| name     | char(15) | YES  |     | NULL    |       |
| homeaddr | char(20) | YES  |     | NULL    |       |
+----------+----------+------+-----+---------+-------+
2 rows in set (0.00 sec)

```

## 查看表数据     select    *from    db1.nsd

```shell
mysql> select *from db1.nsd;
Empty set (0.00 sec)
```

## 插入数据           insert     into   库名.表名       values（列表值）；

```shell
mysql> insert into db1.nsd values("lisi","CN"),("zhan","SU");
Query OK, 2 rows affected (0.01 sec)
Records: 2  Duplicates: 0  Warnings: 0

mysql> select *from db1.nsd;
+------+----------+
| name | homeaddr |
+------+----------+
| lisi | CN       |
| zhan | SU       |
+------+----------+
2 rows in set (0.00 sec)
```

## 修改数据       updata      库名.表名    set      字段=值；< 批量修改 >

```shell
mysql> update db1.nsd set homeaddr="wang";    
Query OK, 2 rows affected (0.00 sec)
Rows matched: 2  Changed: 2  Warnings: 0

mysql> select *from db1.nsd;
+------+----------+
| name | homeaddr |
+------+----------+
| lisi | wang     |
| zhan | wang     |
+------+----------+
2 rows in set (0.00 sec)
```

## 删除行 (数据)  delete   from    db1.nsd；

```shell
Query OK, 2 rows affected (0.00 sec)

mysql> select *from db1.nsd;
Empty set (0.00 sec)
```

## 删除表     drop    table  db1.nsd;

```shell
mysql> drop table db1.nsd;
Query OK, 0 rows affected (0.01 sec)
```

## 删除表中内容

```shell
mysql> desc aa;
+--------+----------+------+-----+---------+-------+
| Field  | Type     | Null | Key | Default | Extra |
+--------+----------+------+-----+---------+-------+
| 时间   | time     | NO   |     | NULL    |       |
| 地点   | char(20) | YES  |     | NULL    |       |
| 年份   | year(4)  | NO   |     | NULL    |       |
| name   | char(20) | NO   |     | NULL    |       |
+--------+----------+------+-----+---------+-------+
4 rows in set (0.00 sec)

mysql> delete from aa;			// 只删内容不删表
Query OK, 1 row affected (0.00 sec)

mysql> select *from aa;
Empty set (0.00 sec)
```













