# **匹配条件**

## 		适用于（   select 、 update、 delete     记录   操作）

## 			基本匹配条件  	（   select 、 update、 delete     记录   操作）

#### 数值比较	   =   >=   <=  !=    >  <

```shell
mysql> select *from aa where id!=2;
+----+----------+--------+--------+------+
| id | 时间     | 地点   | 年份   | name |
+----+----------+--------+--------+------+
|  4 | 00:00:12 | 重庆   |   2021 | jick |
|  5 | 00:00:12 | 重庆   |   2021 | jick |
|  6 | 00:00:12 | 重庆   |   2021 | jick |
|  7 | 00:00:12 | 重庆   |   2021 | jick |
+----+----------+--------+--------+------+
4 rows in set (0.00 sec)

mysql> 
mysql> select *from aa where id<2;
Empty set (0.00 sec)

mysql> select *from aa where id>2;
+----+----------+--------+--------+------+
| id | 时间     | 地点   | 年份   | name |
+----+----------+--------+--------+------+
|  4 | 00:00:12 | 重庆   |   2021 | jick |
|  5 | 00:00:12 | 重庆   |   2021 | jick | 
|  6 | 00:00:12 | 重庆   |   2021 | jick |
|  7 | 00:00:12 | 重庆   |   2021 | jick |
+----+----------+--------+--------+------+
4 rows in set (0.00 sec)

mysql> select *from aa where id>=2;
+----+----------+--------+--------+------+
| id | 时间     | 地点   | 年份   | name |
+----+----------+--------+--------+------+
|  2 | 00:00:12 | 重庆   |   2021 | jick |
|  4 | 00:00:12 | 重庆   |   2021 | jick |
|  5 | 00:00:12 | 重庆   |   2021 | jick |
|  6 | 00:00:12 | 重庆   |   2021 | jick |
|  7 | 00:00:12 | 重庆   |   2021 | jick |
+----+----------+--------+--------+------+
5 rows in set (0.00 sec)

mysql> select *from aa where id<=2;
+----+----------+--------+--------+------+
| id | 时间     | 地点   | 年份   | name |
+----+----------+--------+--------+------+
|  2 | 00:00:12 | 重庆   |   2021 | jick |
+----+----------+--------+--------+------+
1 row in set (0.00 sec)

mysql> 
mysql> select *from aa where id=2;
+----+----------+--------+--------+------+
| id | 时间     | 地点   | 年份   | name |
+----+----------+--------+--------+------+
|  2 | 00:00:12 | 重庆   |   2021 | jick |
+----+----------+--------+--------+------+
1 row in set (0.01 sec)
```

#### 字符比较		字段必须是字符型			=      != 	

```shell
mysql> select username from us where shell = "/sbin/nologin";
+---------------------+
| username            |
+---------------------+
| bin                 |
| daemon              |
| adm                 |
| lp                  |
| mail                |
| operator            |
| games               |
| ftp                 |
| nobody              |
| systemd-network     |
| dbus                |
| polkitd             |
| libstoragemgmt      |
| rpc                 |
| colord              |
| saslauth            |
| abrt                |
| setroubleshoot      |
| rtkit               |
| chrony              |
| rpcuser             |
| nfsnobody           |
| qemu                |
| unbound             |
| gluster             |
| tss                 |
| usbmuxd             |
| geoclue             |
| radvd               |
| pulse               |
| gdm                 |
| gnome-initial-setup |
| sshd                |
| avahi               |
| postfix             |
| ntp                 |
| tcpdump             |
+---------------------+
37 rows in set (0.00 sec)


mysql> select username from us where shell != "/sbin/nologin";
+----------+
| username |
+----------+
| root     |
| sync     |
| shutdown |
| halt     |
| aa       |
| mysql    |
+----------+
6 rows in set (0.00 sec)
```

#### 范围匹配	

####   in	(值列表)			在······里·······

```shell
mysql> select username from us where username in ("sync","daemon","apache","mysql");
+----------+
| username |
+----------+
| daemon   |
| sync     |
| mysql    |
+----------+
3 rows in set (0.00 sec)
```

#### not      in 	（值列表）	不在·······里········

```shell
mysql> select username,shell from us where shell not in ("/bin/bash","/sbin/nologin");
+----------+----------------+
| username | shell          |
+----------+----------------+
| sync     | /bin/sync      |
| shutdown | /sbin/shutdown |
| halt     | /sbin/halt     |
| mysql    | /bin/false     |
+----------+----------------+
4 rows in set (0.00 sec)
```

#### between	数字   and	数字				在······之间········

```shell
mysql> select username,id from us where id between 10 and 20;   
+-----------------+----+
| username        | id |
+-----------------+----+
| operator        | 10 |
| games           | 11 |
| ftp             | 12 |
| nobody          | 13 |
| systemd-network | 14 |
| dbus            | 15 |
| polkitd         | 16 |
| libstoragemgmt  | 17 |
| rpc             | 18 |
| colord          | 19 |
| saslauth        | 20 |
+-----------------+----+
11 rows in set (0.00 sec)
```

#### distinct 	字段名		去重显示

```shell
mysql> select shell from us;
+----------------+
| shell          |
+----------------+
| /bin/bash      |
| /sbin/nologin  |
| /sbin/nologin  |
| /sbin/nologin  |
| /sbin/nologin  |
| /bin/sync      |
| /sbin/shutdown |
| /sbin/halt     |
| /sbin/nologin  |
| /sbin/nologin  |
| /sbin/nologin  |
| /sbin/nologin  |
| /sbin/nologin  |
| /sbin/nologin  |
| /sbin/nologin  |
| /sbin/nologin  |
| /sbin/nologin  |
| /sbin/nologin  |
| /sbin/nologin  |
| /sbin/nologin  |
| /sbin/nologin  |
| /sbin/nologin  |
| /sbin/nologin  |
| /sbin/nologin  |
| /sbin/nologin  |
| /sbin/nologin  |
| /sbin/nologin  |
| /sbin/nologin  |
| /sbin/nologin  |
| /sbin/nologin  |
| /sbin/nologin  |
| /sbin/nologin  |
| /sbin/nologin  |
| /sbin/nologin  |
| /sbin/nologin  |
| /sbin/nologin  |
| /sbin/nologin  |
| /sbin/nologin  |
| /sbin/nologin  |
| /sbin/nologin  |
| /sbin/nologin  |
| /bin/bash      |
| /bin/false     |
+----------------+
43 rows in set (0.00 sec)

mysql> 
mysql> select distinct shell from us;
+----------------+
| shell          |
+----------------+
| /bin/bash      |
| /sbin/nologin  |
| /bin/sync      |
| /sbin/shutdown |
| /sbin/halt     |
| /bin/false     |
+----------------+
6 rows in set (0.00 sec)
```

#### 匹配空（null）	

```shell
mysql> select username from us where username is null;  
+----------+
| username |
+----------+
| NULL     |
+----------+
1 row in set (0.00 sec)

```

#### 匹配非空（不是null） 	

```shell
mysql> select username from us where username is not null;
+---------------------+
| username            |
+---------------------+
| root                |
| bin                 |
| daemon              |
| adm                 |
| lp                  |
| sync                |
| shutdown            |
| halt                |
| mail                |
| operator            |
| games               |
| ftp                 |
| nobody              |
| systemd-network     |
| dbus                |
| polkitd             |
| libstoragemgmt      |
| rpc                 |
| colord              |
| saslauth            |
| abrt                |
| setroubleshoot      |
| rtkit               |
| chrony              |
| rpcuser             |
| nfsnobody           |
| qemu                |
| unbound             |
| gluster             |
| tss                 |
| usbmuxd             |
| geoclue             |
| radvd               |
| pulse               |
| gdm                 |
| gnome-initial-setup |
| sshd                |
| avahi               |
| postfix             |
| ntp                 |
| tcpdump             |
| aa                  |
| mysql               |
+---------------------+
43 rows in set (0.00 sec)
```

#### 逻辑匹配   [ 多个匹配条件 ]

#### or 	逻辑或					多个匹配条件， 某一个条件成立即可

```shell
mysql> select id,username from us where username="root" or id=10;
+----+----------+
| id | username |
+----+----------+
|  1 | root     |
| 10 | operator |
+----+----------+
2 rows in set (0.00 sec)
```

#### and	逻辑与				多个匹配条件，必须同时成立

```shell
mysql> select username,id from us where username="root" and uid=0;
+----------+----+
| username | id |
+----------+----+
| root     |  1 |
+----------+----+
1 row in set (0.00 sec)
```

#### ！   或     not 	逻辑非		取反		！=    is   not 	null

```shell
mysql> select username from us where username is not null;
+---------------------+
| username            |
+---------------------+
| root                |
| bin                 |
| daemon              |
| adm                 |
| lp                  |
| sync                |
| shutdown            |
| halt                |
| mail                |
| operator            |
| games               |
| ftp                 |
| nobody              |
| systemd-network     |
| dbus                |
| polkitd             |
| libstoragemgmt      |
| rpc                 |
| colord              |
| saslauth            |
| abrt                |
| setroubleshoot      |
| rtkit               |
| chrony              |
| rpcuser             |
| nfsnobody           |
| qemu                |
| unbound             |
| gluster             |
| tss                 |
| usbmuxd             |
| geoclue             |
| radvd               |
| pulse               |
| gdm                 |
| gnome-initial-setup |
| sshd                |
| avahi               |
| postfix             |
| ntp                 |
| tcpdump             |
| aa                  |
| mysql               |
+---------------------+
43 rows in set (0.00 sec)
```

## 			高级匹配条件	（   select 、 update、 delete     记录   操作）

#### 		模糊查询  		like 	

格式：   where   字段名     like     '表达式'；

_    表示一个字符

```shell
mysql> select username from us where username like '____';
+----------+
| username |
+----------+
| root     |
| sync     |
| halt     |
| mail     |
| dbus     |
| abrt     |
| qemu     |
| sshd     |
+----------+
8 rows in set (0.00 sec)
```

%   0-n  字符

```shell
mysql> select username from us where username like '%a%';     // username 包含字母  a
+---------------------+
| username            |
+---------------------+
| daemon              |
| adm                 |
| halt                |
| mail                |
| operator            |
| games               |
| libstoragemgmt      |
| saslauth            |
| abrt                |
| radvd               |
| gnome-initial-setup |
| avahi               |
| aa                  |
+---------------------+
13 rows in set (0.01 sec)


mysql> select username from us where username like 'a%';      //  首字母  a
+----------+
| username |
+----------+
| adm      |
| abrt     |
| avahi    |
| aa       |
+----------+
4 rows in set (0.00 sec)

mysql> select username from us where username like '%a';        // 尾字母   a
+----------+
| username |
+----------+
| aa       |
+----------+
1 row in set (0.00 sec)

```

#### 		正则匹配		regexp		

格式：     where   字段名     regexp		'正则表达式'；

元字符：  ^       :  		匹配行首

```shell
mysql> select username from us where username regexp '^a';
+----------+
| username |
+----------+
| adm      |
| abrt     |
| avahi    |
| aa       |
+----------+
4 rows in set (0.00 sec)
```

​			     $      : 		  匹配行尾

```shell
mysql> select username from us where username regexp 'a$';
+----------+
| username |
+----------+
| aa       |
+----------+
1 row in set (0.01 sec)
```

​				 .       : 		   匹配任意一个字符

```shell

```

​			[    ]       : 		   范围内匹配

```shell
mysql> select username from us where username regexp '[at]';
+---------------------+
| username            |
+---------------------+
| root                |
| daemon              |
| adm                 |
| shutdown            |
| halt                |
| mail                |
| operator            |
| games               |
| ftp                 |
| systemd-network     |
| polkitd             |
| libstoragemgmt      |
| saslauth            |
| abrt                |
| setroubleshoot      |
| rtkit               |
| gluster             |
| tss                 |
| radvd               |
| gnome-initial-setup |
| avahi               |
| postfix             |
| ntp                 |
| tcpdump             |
| aa                  |
+---------------------+
25 rows in set (0.00 sec)

mysql> select username from us where username regexp '^[at]';
+----------+
| username |
+----------+
| adm      |
| abrt     |
| tss      |
| avahi    |
| tcpdump  |
| aa       |
+----------+

mysql> select username from us where username regexp '[at]$';
+----------------+
| username       |
+----------------+
| root           |
| halt           |
| libstoragemgmt |
| abrt           |
| setroubleshoot |
| rtkit          |
| aa             |
+----------------+
7 rows in set (0.00 sec)

mysql> select username from us where username regexp '[0-9]';
+----------+
| username |
+----------+
| 1ww      |
| 3ee      |
| ff5      |
+----------+
3 rows in set (0.00 sec)

```

​				*        : 		   前面表达式出现的次数

```shell

```

|       : 		   或者

```shell
mysql> select username from us where username regexp '^a|t$';
+----------------+
| username       |
+----------------+
| root           |
| adm            |
| halt           |
| libstoragemgmt |
| abrt           |
| setroubleshoot |
| rtkit          |
| avahi          |
| aa             |
+----------------+
9 rows in set (0.00 sec)

```

#### 		四则运算   + -  *  /    %			

```shell
mysql> select username,uid from us where id<6;
+----------+------+
| username | uid  |
+----------+------+
| root     |    0 |
| bin      |    1 |
| daemon   |    2 |
| adm      |    3 |
| lp       |    4 |
+----------+------+
5 rows in set (0.00 sec)

mysql> update us set uid=uid+1 where uid<6;
Query OK, 6 rows affected (0.00 sec)
Rows matched: 6  Changed: 6  Warnings: 0

mysql> select username ,uid from us where id <6;
+----------+------+
| username | uid  |
+----------+------+
| root     |    1 |
| bin      |    2 |
| daemon   |    3 |
| adm      |    4 |
| lp       |    5 |
+----------+------+
5 rows in set (0.00 sec)
```



## 			处理查询结果	[  对查询后的数据做处理  ]

#### 1,聚集函数          （ MySQL   服务内置的对数据做统计的命令 ）

|     函数名     |      作用      |
| :------------: | :------------: |
|  avg(字段名)   | 统计字段平均值 |
|  sum(字段名)   |  统计字段之和  |
|  min(字段名)   | 统计字段最小值 |
|  max(字段名)   | 统计字段最大值 |
| count (字段名) | 统计字段值个数 |

```shell
mysql> select min(uid) from us;
+----------+
| min(uid) |
+----------+
|        0 |
+----------+
1 row in set (0.01 sec)

mysql> 
mysql> select max(uid) from us;
+----------+
| max(uid) |
+----------+
|    65534 |
+----------+
1 row in set (0.01 sec)

mysql> select avg(uid) from us;
+-----------+
| avg(uid)  |
+-----------+
| 1820.1860 |
+-----------+
1 row in set (0.00 sec)

mysql> 
mysql> select count(uid) from us;
+------------+
| count(uid) |
+------------+
|         43 |
+------------+
1 row in set (0.00 sec)
```

```shell
mysql> select max(uid) from us where id between 10 and 20;
+----------+
| max(uid) |
+----------+
|      999 |
+----------+
1 row in set (0.00 sec)


mysql> select sum(uid) from us where id between 0 and 10;
+----------+
| sum(uid) |
+----------+
|       48 |
+----------+
1 row in set (0.00 sec)
```

```shell
mysql> select count(username) from us where shell="/sbin/nologin";
+-----------------+
| count(username) |
+-----------------+
|              37 |
+-----------------+
1 row in set (0.00 sec)

mysql> 
mysql> select count(username) from us where shell!="/sbin/nologin";
+-----------------+
| count(username) |
+-----------------+
|               6 |
+-----------------+
1 row in set (0.00 sec)

```

#### 2. 查询结果排序       order     by    字段名      排序  /……asc|  升序  |    desc  | 降序  ……/   

```shell

mysql> select username ,uid from us where uid<1000 order by uid;
+---------------------+------+
| username            | uid  |
+---------------------+------+
| root                |    0 |
| bin                 |    1 |
| daemon              |    2 |
| adm                 |    3 |
| lp                  |    4 |
| sync                |    6 |
| shutdown            |    6 |
| halt                |    7 |
| mail                |    8 |
| operator            |   11 |
| games               |   12 |
| ftp                 |   14 |
| mysql               |   27 |
| rpcuser             |   29 |
| rpc                 |   32 |
| ntp                 |   38 |
| gdm                 |   42 |
| tss                 |   59 |
| avahi               |   70 |
| tcpdump             |   72 |
| sshd                |   74 |
| radvd               |   75 |
| dbus                |   81 |
| postfix             |   89 |
| nobody              |   99 |
| qemu                |  107 |
| usbmuxd             |  113 |
| pulse               |  171 |
| rtkit               |  172 |
| abrt                |  173 |
| systemd-network     |  192 |
| gnome-initial-setup |  990 |
| geoclue             |  991 |
| gluster             |  992 |
| unbound             |  993 |
| chrony              |  994 |
| setroubleshoot      |  995 |
| saslauth            |  996 |
| colord              |  997 |
| libstoragemgmt      |  998 |
| polkitd             |  999 |
+---------------------+------+
41 rows in set (0.00 sec)

mysql> select username ,uid from us where uid<1000 order by uid desc;
+---------------------+------+
| username            | uid  |
+---------------------+------+
| polkitd             |  999 |
| libstoragemgmt      |  998 |
| colord              |  997 |
| saslauth            |  996 |
| setroubleshoot      |  995 |
| chrony              |  994 |
| unbound             |  993 |
| gluster             |  992 |
| geoclue             |  991 |
| gnome-initial-setup |  990 |
| systemd-network     |  192 |
| abrt                |  173 |
| rtkit               |  172 |
| pulse               |  171 |
| usbmuxd             |  113 |
| qemu                |  107 |
| nobody              |   99 |
| postfix             |   89 |
| dbus                |   81 |
| radvd               |   75 |
| sshd                |   74 |
| tcpdump             |   72 |
| avahi               |   70 |
| tss                 |   59 |
| gdm                 |   42 |
| ntp                 |   38 |
| rpc                 |   32 |
| rpcuser             |   29 |
| mysql               |   27 |
| ftp                 |   14 |
| games               |   12 |
| operator            |   11 |
| mail                |    8 |
| halt                |    7 |
| shutdown            |    6 |
| sync                |    6 |
| lp                  |    4 |
| adm                 |    3 |
| daemon              |    2 |
| bin                 |    1 |
| root                |    0 |
+---------------------+------+
41 rows in set (0.01 sec) 

```

#### 3.    查询结果分组     group      by    字段名 ；

```shell
mysql> select shell from us group by shell;
+----------------+
| shell          |
+----------------+
| NULL           |
| /bin/bash      |
| /bin/false     |
| /bin/sync      |
| /sbin/halt     |
| /sbin/nologin  |
| /sbin/shutdown |
+----------------+
7 rows in set (0.00 sec)
```

#### 4.    查询结果过滤    having    条件；

```shell
mysql> select username ,uid from us where username is not null
    -> having uid=999;
+----------+------+
| username | uid  |
+----------+------+
| polkitd  |  999 |
+----------+------+
1 row in set (0.00 sec)

```



#### 5.限制查询结果显示行数     limit 

​		1, 只显示查询结果的前几行			limit     n ；

```shell
mysql> select *from us limit 2;
+----+----------+----------+------+------+---------+---------+---------------+
| id | username | password | uid  | gid  | comment | homedir | shell         |
+----+----------+----------+------+------+---------+---------+---------------+
|  1 | root     | x        |    0 |    0 | root    | /root   | /bin/bash     |
|  2 | bin      | x        |    1 |    1 | bin     | /bin    | /sbin/nologin |
+----+----------+----------+------+------+---------+---------+---------------+
2 rows in set (0.00 sec)


mysql> select uid,username from us where id<10;
+------+----------+
| uid  | username |
+------+----------+
|    0 | root     |
|    1 | bin      |
|    2 | daemon   |
|    3 | adm      |
|    4 | lp       |
|    6 | sync     |
|    6 | shutdown |
|    7 | halt     |
|    8 | mail     |
+------+----------+
9 rows in set (0.00 sec)

mysql> select uid,username from us where id<10 limit 3;
+------+----------+
| uid  | username |
+------+----------+
|    0 | root     |
|    1 | bin      |
|    2 | daemon   |
+------+----------+
3 rows in set (0.00 sec)
```

  		2. 只显示查询结果指定范围之间的行     limit   数字1  ，    数字2；

```shell
mysql> select uid,username from us where id<10 limit 1,5;
+------+----------+
| uid  | username |
+------+----------+
|    1 | bin      |
|    2 | daemon   |
|    3 | adm      |
|    4 | lp       |
|    6 | sync     |
+------+----------+
5 rows in set (0.00 sec)

mysql> select uid,username from us where id<10 limit 0,5;
+------+----------+
| uid  | username |
+------+----------+
|    0 | root     |
|    1 | bin      |
|    2 | daemon   |
|    3 | adm      |
|    4 | lp       |
+------+----------+
5 rows in set (0.00 sec)

```





