# **修改表结构**



## 命令：   alter       table    库名·表名    执行动作;

# **执行动作：**

## 							添加新字段  ：      add

#### 				add		字段名 		类型     	[ 约束条件 ]		;                        		  【默认添加最后】

#### 				add		字段名		类型		[ 约束条件 ]		after		字段名；【添加指定字段后面】

```shell
mysql> desc aa;
+--------+----------+------+-----+---------+-------+
| Field  | Type     | Null | Key | Default | Extra |
+--------+----------+------+-----+---------+-------+
| 月份   | int(20)  | YES  |     | NULL    |       |
| 时间   | time     | YES  |     | NULL    |       |
| 年份   | year(4)  | YES  |     | NULL    |       |
| name   | char(20) | YES  |     | NULL    |       |
| 地点   | char(20) | YES  |     | NULL    |       |
+--------+----------+------+-----+---------+-------+
5 rows in set (0.00 sec)

mysql> alter table aa add 环境 char(20) after 月份;               // 指定位置    < 指定到表格后面 >
Query OK, 0 rows affected (0.06 sec)
Records: 0  Duplicates: 0  Warnings: 0

mysql> desc aa;
+--------+----------+------+-----+---------+-------+
| Field  | Type     | Null | Key | Default | Extra |
+--------+----------+------+-----+---------+-------+
| 月份   | int(20)  | YES  |     | NULL    |       |
| 环境   | char(20) | YES  |     | NULL    |       |
| 时间   | time     | YES  |     | NULL    |       |
| 年份   | year(4)  | YES  |     | NULL    |       |
| name   | char(20) | YES  |     | NULL    |       |
| 地点   | char(20) | YES  |     | NULL    |       |
+--------+----------+------+-----+---------+-------+
6 rows in set (0.00 sec)
```



#### 				add		字段名 		类型		[ 约束条件 ]		 first；                      【添加在所有列的前面 】	

```shell
mysql> select *from aa;
+----------+--------+--------+--------+
| 时间     | 年份   | name   | 地点   |
+----------+--------+--------+--------+
| 01:02:37 |   2021 | Tom    | 重庆   |
| 01:03:18 |   2021 | 李四   | 万州   |
| 01:07:04 |   2007 | 张三   | 忠县   |
| 01:07:04 |   2007 | 王五   | 四川   |
+----------+--------+--------+--------+
4 rows in set (0.00 sec)

mysql> alter table aa add 月份 int(20) first;         //添加到最前面

Query OK, 0 rows affected (0.05 sec)
Records: 0  Duplicates: 0  Warnings: 0

mysql> desc aa;
+--------+----------+------+-----+---------+-------+
| Field  | Type     | Null | Key | Default | Extra |
+--------+----------+------+-----+---------+-------+
| 月份   | int(20)  | YES  |     | NULL    |       |
| 时间   | time     | YES  |     | NULL    |       |
| 年份   | year(4)  | YES  |     | NULL    |       |
| name   | char(20) | YES  |     | NULL    |       |
| 地点   | char(20) | YES  |     | NULL    |       |
+--------+----------+------+-----+---------+-------+
5 rows in set (0.00 sec)

mysql> select *from aa;
+--------+----------+--------+--------+--------+
| 月份   | 时间     | 年份   | name   | 地点   |
+--------+----------+--------+--------+--------+
|   NULL | 01:02:37 |   2021 | Tom    | 重庆   |
|   NULL | 01:03:18 |   2021 | 李四   | 万州   |
|   NULL | 01:07:04 |   2007 | 张三   | 忠县   |
|   NULL | 01:07:04 |   2007 | 王五   | 四川   |
+--------+----------+--------+--------+--------+
4 rows in set (0.00 sec)
```

## 删除字段   			drop

#### 格式		alter 		table 		表名		drop		字段

```shell

mysql> desc aa;
+--------+----------+------+-----+---------+-------+
| Field  | Type     | Null | Key | Default | Extra |
+--------+----------+------+-----+---------+-------+
| 月份   | int(20)  | YES  |     | NULL    |       |
| 朋友   | char(30) | YES  |     | NULL    |       |
| 环境   | char(20) | YES  |     | NULL    |       |
| 时间   | time     | YES  |     | NULL    |       |
| 年份   | year(4)  | YES  |     | NULL    |       |
| name   | char(20) | YES  |     | NULL    |       |
| 地点   | char(20) | YES  |     | NULL    |       |
+--------+----------+------+-----+---------+-------+
7 rows in set (0.00 sec)


mysql> alter table aa drop 月份;							//删除字段
Query OK, 0 rows affected (0.06 sec)
Records: 0  Duplicates: 0  Warnings: 0

mysql> desc aa;
+--------+----------+------+-----+---------+-------+
| Field  | Type     | Null | Key | Default | Extra |
+--------+----------+------+-----+---------+-------+
| 朋友   | char(30) | YES  |     | NULL    |       |
| 环境   | char(20) | YES  |     | NULL    |       |
| 时间   | time     | YES  |     | NULL    |       |
| 年份   | year(4)  | YES  |     | NULL    |       |
| name   | char(20) | YES  |     | NULL    |       |
| 地点   | char(20) | YES  |     | NULL    |       |
+--------+----------+------+-----+---------+-------+
6 rows in set (0.00 sec)
```







# 							**修改字段类型      :        modify**

#### 格式   ：   alter	table 	库名.表名     modiffy      字段名      类型（宽度）	[ 约束条件 ]      [ after 	字段名 |   first ]

```shell
mysql> desc bb;
+--------+----------+------+-----+---------+-------+
| Field  | Type     | Null | Key | Default | Extra |
+--------+----------+------+-----+---------+-------+
| 时间   | int(20)  | YES  |     | NULL    |       |
| 地点   | char(20) | YES  |     | NULL    |       |
| name   | char(20) | NO   |     | NULL    |       |
+--------+----------+------+-----+---------+-------+
3 rows in set (0.00 sec)

mysql> alter table a2.bb modify 时间 char(20);          //修改类型
Query OK, 2 rows affected (0.01 sec)
Records: 2  Duplicates: 0  Warnings: 0

mysql> desc bb;
+--------+----------+------+-----+---------+-------+
| Field  | Type     | Null | Key | Default | Extra |
+--------+----------+------+-----+---------+-------+
| 时间   | char(20) | YES  |     | NULL    |       |
| 地点   | char(20) | YES  |     | NULL    |       |
| name   | char(20) | NO   |     | NULL    |       |
+--------+----------+------+-----+---------+-------+
3 rows in set (0.00 sec)

```

```shell
mysql> alter table bb modify 地点 char(20) first;			//修改字段位置
Query OK, 0 rows affected (0.23 sec)
Records: 0  Duplicates: 0  Warnings: 0

mysql> desc bb;
+--------+----------+------+-----+---------+-------+
| Field  | Type     | Null | Key | Default | Extra |
+--------+----------+------+-----+---------+-------+
| 地点   | char(20) | YES  |     | NULL    |       |
| 时间   | int(20)  | YES  |     | NULL    |       |
| name   | char(20) | NO   |     | NULL    |       |
+--------+----------+------+-----+---------+-------+
3 rows in set (0.03 sec)
```





#### 							修改字段名         ：     change

#### 格式：

alter 	table	库名.表名	change	原字段名	新字段名	类型（宽度）	约束条件;

```shell

mysql> desc bb;
+--------+----------+------+-----+---------+-------+
| Field  | Type     | Null | Key | Default | Extra |
+--------+----------+------+-----+---------+-------+
| 地点   | char(20) | YES  |     | NULL    |       |
| 时间   | int(20)  | YES  |     | NULL    |       |
| name   | char(20) | NO   |     | NULL    |       |
+--------+----------+------+-----+---------+-------+
3 rows in set (0.00 sec)

mysql> alter table bb change 时间 月份 char(20);       //修改字段名
Query OK, 2 rows affected (0.03 sec)
Records: 2  Duplicates: 0  Warnings: 0

mysql> 
mysql> desc bb;
+--------+----------+------+-----+---------+-------+
| Field  | Type     | Null | Key | Default | Extra |
+--------+----------+------+-----+---------+-------+
| 地点   | char(20) | YES  |     | NULL    |       |
| 月份   | char(20) | YES  |     | NULL    |       |
| name   | char(20) | NO   |     | NULL    |       |
+--------+----------+------+-----+---------+-------+
3 rows in set (0.00 sec)
```



```shell
mysql> desc bb;
+--------+----------+------+-----+---------+-------+
| Field  | Type     | Null | Key | Default | Extra |
+--------+----------+------+-----+---------+-------+
| 地点   | char(20) | YES  |     | NULL    |       |
| 月份   | char(20) | YES  |     | NULL    |       |
| name   | char(20) | NO   |     | NULL    |       |
| 年份   | int(20)  | YES  |     | NULL    |       |
+--------+----------+------+-----+---------+-------+
4 rows in set (0.00 sec)

mysql> alter table bb change 年份 年 char(20);
Query OK, 2 rows affected (0.02 sec)
Records: 2  Duplicates: 0  Warnings: 0

mysql> desc bb;
+--------+----------+------+-----+---------+-------+
| Field  | Type     | Null | Key | Default | Extra |
+--------+----------+------+-----+---------+-------+
| 地点   | char(20) | YES  |     | NULL    |       |
| 月份   | char(20) | YES  |     | NULL    |       |
| name   | char(20) | NO   |     | NULL    |       |
| 年     | char(20) | YES  |     | NULL    |       |
+--------+----------+------+-----+---------+-------+
4 rows in set (0.00 sec)
```



#### 							修改表名		：	rename

#### 格式：alter 	table	原表名  	rename	新表名;

```sheel
mysql> alter table bb rename cc;
Query OK, 0 rows affected (0.01 sec)

mysql> show tables;
+--------------+
| Tables_in_a2 |
+--------------+
| aa           |
| cc           |
+--------------+
2 rows in set (0.00 sec)
```

