# **外键   foreign   key**

## 	功能：   向表中插入记录时，字段值在另一个表字段值内选择

## 	 使用规则：

#### 			表存储引擎必须是    innodb	

```shell
create	table xxx () engine=innodb;
```

####  			字段类型要一致	

#### 			被参照字段必须要时索引类型的一种（primary   key）

# **创建外键**

## 		命令：    foreign      key （字段名）< 外键 >

## 					  	references   （字段名）     参考哪一个表

## 						  on 	update	cascade		同步更新

## 						  on	delete	   cascade		 同步删除

```shell
create	table	库.表名 （
-> 字段列表
-> foreign	key（字段名） references 库.表名（字段名）
-> on	update	cascade	on	delete	cascade
) engine=innodb;
```



## 步骤一：  创建参考表        并赋值

```shell
mysql> create table ygb(							// 创建员工表
    -> yg_id int primary key auto_increment,
    -> name char(20),
    -> sex enum("boy","girl")
    -> )engine=innodb;
Query OK, 0 rows affected (0.02 sec)

mysql> desc ygb;
+-------+--------------------+------+-----+---------+----------------+
| Field | Type               | Null | Key | Default | Extra          |
+-------+--------------------+------+-----+---------+----------------+
| yg_id | int(11)            | NO   | PRI | NULL    | auto_increment |
| name  | char(20)           | YES  |     | NULL    |                |
| sex   | enum('boy','girl') | YES  |     | NULL    |                |
+-------+--------------------+------+-----+---------+----------------+
3 rows in set (0.01 sec)


mysql> insert into ygb(name,sex) values("tom","boy");       // 赋值
Query OK, 1 row affected (0.01 sec)

mysql> insert into ygb(name,sex) values("bob","boy");   
Query OK, 1 row affected (0.01 sec)

mysql> insert into ygb(name,sex) values("lucy","girl");
Query OK, 1 row affected (0.01 sec)

mysql> select *from ygb;
+-------+------+------+
| yg_id | name | sex  |
+-------+------+------+
|     1 | tom  | boy  |
|     2 | bob  | boy  |
|     3 | lucy | girl |
+-------+------+------+
3 rows in set (0.00 sec)

```

## 步骤二：创建实用表     并赋值

```shell
mysql> create table gz(
    -> gz_id int,
    -> pay float(7,2),
    -> foreign key(gz_id) references ygb(yg_id)
    -> on update cascade on delete cascade
    -> )engine=innodb;
Query OK, 0 rows affected (0.02 sec)

mysql> desc gz;
+-------+------------+------+-----+---------+-------+
| Field | Type       | Null | Key | Default | Extra |
+-------+------------+------+-----+---------+-------+
| gz_id | int(11)    | YES  | MUL | NULL    |       |
| pay   | float(7,2) | YES  |     | NULL    |       |
+-------+------------+------+-----+---------+-------+
2 rows in set (0.01 sec)

mysql> insert into gz values(1,10000);
Query OK, 1 row affected (0.00 sec)

mysql> insert into gz values(2,10000); 
Query OK, 1 row affected (0.00 sec)

mysql> select *from gz;
+-------+----------+
| gz_id | pay      |
+-------+----------+
|     1 | 10000.00 |
|     2 | 10000.00 |
+-------+----------+
2 rows in set (0.00 sec)
```

## 验证：

```shell
mysql> select *from ygb;
+-------+------+------+
| yg_id | name | sex  |
+-------+------+------+
|     1 | tom  | boy  |
|     2 | bob  | boy  |
|     3 | lucy | girl |
+-------+------+------+
3 rows in set (0.00 sec)

mysql> select *from gz;
+-------+----------+
| gz_id | pay      |
+-------+----------+
|     1 | 10000.00 |
|     2 | 10000.00 |
+-------+----------+
2 rows in set (0.00 sec)

mysql> update ygb set yg_id=4 where yg_id=2;
Query OK, 1 row affected (0.01 sec)
Rows matched: 1  Changed: 1  Warnings: 0

mysql> select *from ygb;
+-------+------+------+
| yg_id | name | sex  |
+-------+------+------+
|     1 | tom  | boy  |
|     3 | lucy | girl |
|     4 | bob  | boy  |
+-------+------+------+
3 rows in set (0.00 sec)

mysql> select *from gz;
+-------+----------+
| gz_id | pay      |
+-------+----------+
|     1 | 10000.00 |
|     4 | 10000.00 |
+-------+----------+
2 rows in set (0.00 sec)

```



# **删除外键**

```shell
mysql> show create table gz;
+-------+--------------------------------------------------------------------------------------------------------------------------------------------------------------------------------------------------------------------------------------------------------------------+
| Table | Create Table                                                                                                                                                                                                                                                       |
+-------+--------------------------------------------------------------------------------------------------------------------------------------------------------------------------------------------------------------------------------------------------------------------+
| gz    | CREATE TABLE `gz` (
  `gz_id` int(11) DEFAULT NULL,
  `pay` float(7,2) DEFAULT NULL,
  KEY `gz_id` (`gz_id`),
  CONSTRAINT `gz_ibfk_1` FOREIGN KEY (`gz_id`) REFERENCES `ygb` (`yg_id`) ON DELETE CASCADE ON UPDATE CASCADE
) ENGINE=InnoDB DEFAULT CHARSET=latin1 |
+-------+--------------------------------------------------------------------------------------------------------------------------------------------------------------------------------------------------------------------------------------------------------------------+
1 row in set (0.00 sec)


mysql> alter table gz drop foreign key gz_ibfk_1;
Query OK, 0 rows affected (0.00 sec)
Records: 0  Duplicates: 0  Warnings: 0
```

